{
  "scale": 0.2790816472336536,
  "center_x": 2002.9980671999988,
  "center_y": 1497.769574399999,
  "h_scroll": 0,
  "v_scroll": 0,
  "show_grid": true,
  "dark_theme": false
}