{
  "scale": 2.9859839999999997,
  "center_x": 2049.910515260631,
  "center_y": 680.1777906378602,
  "scene_rect": [
    0.0,
    0.0,
    4000.0,
    3000.0
  ],
  "show_grid": true,
  "dark_theme": false
}