{
  "scale": 2.9859839999999997,
  "center_x": 1907.2439771947875,
  "center_y": 616.5471750685872,
  "scene_rect": [
    0.0,
    0.0,
    4000.0,
    3000.0
  ],
  "show_grid": true,
  "dark_theme": false
}